{
  "warp": {
    "M": [
      [
        2.0580691444468635,
        -0.04147242608457156,
        -76.25742346300594
      ],
      [
        0.04450795335260563,
        2.0336710993421394,
        -97.27384389647955
      ],
      [
        3.312807166302355e-05,
        -2.6276290717996677e-05,
        1.0
      ]
    ],
    "W": 1200,
    "H": 817
  },
  "corners_order": [
    "TL",
    "TR",
    "BR",
    "BL"
  ],
  "columns": [
    {
      "name": "Col 1",
      "x0": 0,
      "x1": 384
    },
    {
      "name": "Col 2",
      "x0": 384,
      "x1": 796
    },
    {
      "name": "Col 3",
      "x0": 796,
      "x1": 1200
    }
  ],
  "source_image": "snap_20250910_123039.jpg"
}